Author Name,Amount of Articles
Laura Clawson,9
poopdogcomedy,9
Joan McCarter,7
Kerry Eleveld,4
Aldous J Pennyfarthing,4
Aysha Qamar,3
Dem,2
Walter Einenkel,2
Marissa Higgins,2
tedfuller,1
Tom Tomorrow,1
KeithDB,1
Charles Jay,1
side pocket,1
lowkell,1
certainot,1
RandomNonviolence,1
Gabe Ortiz,1
News Corpse,1
btcano,1
Witgren,1
Berry Craig,1
mastergardener2k,1
Tweedledee5,1
Yosef 52,1
GrafZeppelin127,1
e2247,1
The Author,1
kos,1
abluerippleinohio,1
johnmav,1
Citizen Earth,1
Prism Guest Writer,1
Hunter,1
Joe Pac,1
Bethesda 1971,1
Dartagnan,1
shadowbot1,1
dsnottselliott,1
